city
Vincennes
Cluny
Le Lamentin
Noisy-le-Grand
Amiens
Le Mayet-d'École
Le Mans
Woippy
Villejuif
La Valette-du-Var
Le Bourget-du-Lac
Auch
91122
Vienne
Mirecourt
Rueil-Malmaison
Font-Romeu-Odeillo-Via
Glux-en-Glenne
Saint-Aignan
Aubervilliers
Beauvais
Luc-sur-Mer
Biot
Le Port
Le Puy-en-Velay
Ostwald
Saint-Maur-des-Fossés
Castanet-Tolosan
La Garde
Montbéliard
Leudeville
Muret
San-Giuliano
Orsay
Saint-Laurent-Blangy
Codolet
Surba
Strasbourg
Petit-Bourg
Maisons-Alfort
Saint-Gatien-des-Bois
Abondant
Saint-Esprit
Goustranville
Vandœuvre-lès-Nancy
Thiverval-Grignon
Beaufort-en-Anjou
Avesnes-les-Aubert
Sizun
Lille
Dinard
Montoir-de-Bretagne
Alès
Saint-Didier-en-Brionnais
Marcy-l'Étoile
Pointe-à-Pitre
Le Monêtier-les-Bains
Tomblaine
Saint-Dié-des-Vosges
Gouffern en Auge
Égletons
Mamers
Talence
Rustrel
Avion
Courzieu
Hôpital-Camfrout
Pau
Lattes
Lens
Chamalières
Montferrier-sur-Lez
Trois-Palis
Jaunay-Marigny
Aulnoy-lez-Valenciennes
Cugnaux
Boulogne-sur-Mer
Bévenais
Singapour
La Roche-Posay
Bussière-Galant
Addis Abeba
Le Tampon
Mercy
Sotteville-lès-Rouen
Bondy
La Teste-de-Buch
Limay
Poligny
Saint-Michel-de-Feins
Metz
Aix-en-Provence
Nogent-sur-Marne
Saclay
Nançay
Honfleur
Orléans
Saint-Jean-de-Vaulx
Tarascon
Saint-Hilaire-de-Villefranche
Le Havre
Châtenay-Malabry
Freyming-Merlebach
Brunoy
Cesson-Sévigné
Dakar
Biguglia
Vannes
Bourges
Malzéville
Saint-André-les-Vergers
Saint-André-lez-Lille
Bengalore
Canet-en-Roussillon
Lunéville
Le Rheu
Thiais
Gennevilliers
Fontainebleau
Gières
Eindhoven
Ardon
Saint-Cyr-au-Mont-d'Or
Béthune
Lorgues
Tautavel
Saint-Étienne
Barenton-Bugny
Modane
Villers-lès-Nancy
Arcachon
Arles
La Tremblade
Montgiscard
Garches
Saint-Christol-lez-Alès
Courcouronnes
Sète
Les Pennes-Mirabeau
Villeneuve-en-Retz
Saint-Péray
Nanterre
Arles-sur-Tech
Bayonne
Pise
Maubeuge
Lusignan
Tarbes
Les Abrets en Dauphiné
Locmaria-Plouzané
Villeneuve d'Ascq
Bois-de-Céné
Vabonne
Bidart
Confolens
Annecy
Évry
Lagord
Cergy
Toulon
Évry-Courcouronnes
Nancy
Verdun
Montigny-lès-Metz
Châlons-en-Champagne
Tours
Dijon
Courbevoie
Colombes
Béziers
Saint-Laurent-de-la-Salanque
Marquette-lez-Lille
Dreuil-lès-Amiens
Arjuzanx
La Rochelle
Pont-à-Vendin
Villiers-en-Bois
Cachan
Mont-Saint-Aignan
Darnétal
La Tronche
Écully
FAAA
La Chapelle-Bâton
Bandol
Oullins
Gradignan
Roquefort-sur-Soulzon
Port-en-Bessin-Huppain
Aix-les-Bains
Verneuil-en-Halatte
Saint-Pierre-de-Chérennes
Schœlcher
Neuville-sur-Oise
Cernay
Kourou
Païta
Banyuls-sur-Mer
Wimereux
Vancouver
Villenave-d'Ornon
Angers
Paris 12e Arrondissement
Saint-Maurice
Surgères
Rungis
Beaumont-sur-Lèze
Massy
Santes
Dammarie-les-Lys
Paris 13e Arrondissement
Saint-Pierre
Fouquières-lès-Lens
Roubaix
Guyancourt
Benquet
Marseille
Bourg-en-Bresse
Bourg-la-Reine
Liévin
Las Condes Santiago
Marcoussis
Le Plessis-Robinson
Tremblay-en-France
Villeneuve-sur-Lot
Saint-Marcel-lès-Valence
Verrières-le-Buisson
Villeneuve-d'Ascq
Montréal
Guéret
La Ferté-Gaucher
Corbeil-Essonnes
Wavrechain-sous-Denain
Brive-la-Gaillarde
Nouméa
Saint-Étienne-du-Rouvray
Rocquencourt
Bry-sur-Marne
Perpignan
Saint-Laurent-du-Maroni
Saint-Nazaire
Jacob-Bellecombette
NOUMEA
Brest
Barleux
Saint-Brieuc
Vitrolles
Rouen
Bretenière
Roscoff
Les Houches
Saint-Cloud
Alénya
Rio de Janeiro
Saint-Brevin-les-Pins
Nevers
Bouguenais
Montrouge
Puget-Théniers
Saint-Domineuc
98851
Moustoir-Ac
Charleville-Mézières
Sognolles-en-Montois
Le Carbet
Santigo du Chili
Puteaux
Sainte-Foy-lès-Lyon
Montigny-le-Bretonneux
Roézé-sur-Sarthe
Venasque
Auzeville-Tolosane
Échirolles
Montbonnot-Saint-Martin
Laqueuille
Carquefou
George
Ploudaniel
Belfort
Chatou
Versailles
Tsukuba
Saint-Paul-lès-Durance
Saint-Sauveur
Saint-Martin-d'Hères
Bagnols-sur-Cèze
Gruissan
Saint-Mihiel
Bures-sur-Yvette
Caraman
Hordain
Saint-Martin-de-Hinx
Wavrin
Les Ulis
Ronchin
Le Touquet-Paris-Plage
Mulhouse
Saint-Denis-de-Gastines
Tende
L'Houmeau
Dunkerque
Château-Gontier-sur-Mayenne
Brissac Loire Aubance
Gourbeyre
Bouin
Vigneulles-lès-Hattonchâtel
Saint-Fons
Saint-Mandé
Audun-le-Tiche
Valbonne
Besançon
Albi
Limoges
Beaucouzé
Villeneuve-le-Roi
Pierre-Bénite
Toulenne
Montluçon
SOPHIA ANTIPOLIS
Estrées-Mons
Tel-Aviv
Roanne
Aurillac
Nanteuil-le-Haudouin
La Jolla
Grenoble
Bruyères-le-Châtel
Aubière
Chasseneuil-du-Poitou
Saint-Laurent-de-la-Prée
Famars
Ajaccio
Champs-sur-Marne
Ville-d'Avray
Saint-Hilaire-de-Riez
Damigny
Bristol
Les Ponts-de-Cé
Rouillé
Ploufragan
Narbonne
Buenos Aires
Nîmes
Saint-Père-en-Retz
Saint-Priest-en-Jarez
Le Grand-Quevilly
Vignoux-sur-Barangeon
Corte
Caen
Saint-Pierre-d'Amilly
Rennes
Cestas
Bruz
Antibes
Mons-en-Pévèle
Le Caire
La Verrière
Bordeaux
Concarneau
Castres
Le Blanc-Mesnil
Montguyon
Clichy
Montrozier
Ivry-sur-Seine
Vallon-sur-Gée
Les Petites-Loges
Épron
Asnières-sur-Seine
La Mulatière
Hérouville-Saint-Clair
Bizanet
Palaiseau
Moulins-lès-Metz
Archamps
Reims
Déville-lès-Rouen
Suresnes
Cormeilles-en-Parisis
Salon-de-Provence
Redon
Pamandzi
Saint-Gengoux-le-National
Valence
Douai
Tain-l'Hermitage
Nouzilly
Javené
Robert-Espagne
Villeneuve-Saint-Germain
Marignane
Figeac
Bourg-lès-Valence
Villefranche-sur-Saône
La Chapelle-sur-Erdre
Ifs
La Hague
Saint-Médard-en-Jalles
Toulouse
Moscou
Clamart
Marseillan
Nice
Villefranche-sur-Mer
Nantes
Montpellier
Mexico
Oullins-Pierre-Bénite
Montoire-sur-le-Loir
Cargèse
Le Chesnay-Rocquencourt
Gardanne
Plouzané
Osmoy
Quimper
Saint-Pée-sur-Nivelle
Epagny Metz-Tessy
Peynier
Arras
Grabels
Tourcoing
Blagnac
Shanghaï
Jouy-en-Josas
Lyon
Bobigny
Saint-Clément-de-Rivière
Le Robert
Eysines
Aubagne
Cournon-d'Auvergne
Dembeni
Issy-les-Moulineaux
Washington D.C.
Châteauneuf-sur-Loire
Brétigny-sur-Orge
Chambéry
Le Raincy
Valenciennes
Saint-Aubin
Feurs
Saint-Ismier
Anglet
Le Petit-Quevilly
Seoul
Villeurbanne
Saint-Jacques-de-la-Lande
Compiègne
Papeete
Muides-sur-Loire
Montfavet
La Seyne-sur-Mer
Cavaillon
Saint-Saturnin-du-Bois
Bélâbre
Loos
Blaye-les-Mines
Pontoise
Les Abymes
Tokyo
Le Creusot
Kelambakkam
Saint-Gilles
Avignon
Saint-Genès-Champanelle
Fort-de-France
Ricaud
Fontenay-aux-Roses
Grasse
Calais
Cayenne
Vendranges
Rancennes
LA TRONCHE
Évreux
Péronne
Sainte-Anne
Le Bourget
Mauguio
Saint-Genis-Laval
Villetaneuse
Londres
Vitry-sur-Seine
Rambouillet
Moulis
Pessac
Illkirch-Graffenstaden
Québec
Colmar
Frans
Sceaux
Malakoff
Saint-Agnant
Saint-Denis
Antony
Champenoux
Cherbourg-en-Cotentin
Biéville-Beuville
Seyssins
Créteil
Saint-Cyr-l'École
Vaulx-en-Velin
Bron
Clermont-Ferrand
Roche-la-Molière
Poitiers
Saint-Contest
Montesquieu
Cases-de-Pène
Fougères
Saint-Louis
Boulogne-Billancourt
Durrenentzen
Palavas-les-Flots
Supt
Vic-sur-Seille
Pontorson
Châtillon
Saint-Paul
Margny-lès-Compiègne
Le Kremlin-Bicêtre
Saint-Ouen-sur-Seine
Nogent-sur-Vernisson
Soignolles-en-Brie
Saint-Pierre-lès-Nemours
Thonon-les-Bains
Meudon
La Roche-sur-Yon
Chanteau
Troyes
Vélizy-Villacoublay
Gif-sur-Yvette
Berkeley
Saint Antoine l'Abbaye
Tucson
Chaingy
Saint-Herblain
Lorient
Saint-Cyprien
Bagnols-sur-Ceze
Villeneuve-sur-Yonne
Laval
Noyelles-sous-Lens
Paris
Neuilly-sur-Seine
Coulounieix-Chamiers
Lannion
